Datetime,Qheat_injection_W,Qheat_losses_W,Critical_temp_K,Critical_press_drop_Pa
0,107472,0,323.15,-49731.4
900,89556,3683.43,322.165,-33107.6
1800.00,87456,3735.52,322.01,-30823.1
2700.00,86383.3,3731.91,321.977,-29657.7
3600.00,85556.8,3731.08,321.958,-28940
4500.00,85054.7,3732.73,321.945,-28547.4
5400.00,84735.9,3733.37,321.939,-28308.5
6300.00,84584.4,3734.29,321.938,-28193.4
7200.00,84520.2,3734.7,321.93,-28143.1
8100.00,84545.8,3735.38,321.932,-28156.7
9000.00,84624.3,3735.75,321.934,-28208.4
9900.00,84716.3,3735.83,321.939,-28271.1
10800.00,84772.1,3735.6,321.941,-28310.4
11700.00,84764.8,3735.14,321.943,-28307
12600.00,84727.8,3734.93,321.936,-28282.6
13500.00,84664.7,3734.69,321.934,-28239.8
14400.00,84591,3734.56,321.933,-28189.3
15300.00,84517.5,3734.5,321.931,-28138.4
16200.00,84445.4,3734.42,321.931,-28088.3
17100.00,84362.1,3734.2,321.931,-28030.7
18000.00,84258.8,3733.94,321.93,-27959.5
18900.00,84119.2,3733.49,321.929,-27863.9
19800.00,83949.4,3733.1,321.925,-27747.6
20700.00,83751.9,3732.68,321.922,-27612.4
21600.00,83546.8,3732.41,321.92,-27471.9
22500.00,83348.2,3732.24,321.917,-27335.6
23400.00,83153.1,3732.02,321.914,-27201.9
24300.00,82949.4,3731.67,321.912,-27062.9
25200.00,41532,2935.08,321.778,-6741.66
26100.00,942.573,343.968,321.515,-25.5541
27000.00,962.798,733.484,321.381,-25.5541
27900.00,982.449,979.297,321.152,-25.5541
28800.00,1001.54,1190.8,320.84,-25.5541
29700.00,1019.86,1348.31,320.457,-25.5541
30600.00,1034.58,1413.46,320.012,-25.5541
31500.00,1053.14,1474.69,319.515,-25.5541
32400.00,1072.66,1536.11,318.973,-25.5541
33300.00,1091.66,1596.29,318.395,-25.5541
34200.00,1109.88,1653.86,317.786,-25.5541
35100.00,1126.55,1688.32,317.152,-25.5541
36000.00,1145.59,1698.42,316.499,-25.5541
36900.00,1162.18,1707.58,315.83,-25.5541
37800.00,1176.59,1716.82,315.15,-25.5541
38700.00,1189.7,1726.34,314.462,-25.5541
39600.00,1201.77,1737.08,313.77,-25.5541
40500.00,1212.58,1748.33,313.076,-25.5541
41400.00,1222.01,1760.41,312.382,-25.5541
42300.00,1230.17,1773.24,311.69,-25.5541
43200.00,1237.29,1786.61,311.003,-25.5541
44100.00,1243.63,1799.94,310.322,-25.5541
45000.00,1249.42,1812.96,309.648,-25.5541
45900.00,1254.82,1825.79,308.982,-25.5541
46800.00,1259.86,1838.48,308.326,-25.5541
47700.00,1264.53,1850.98,307.681,-25.5541
48600.00,1268.85,1863.18,307.046,-25.5541
49500.00,1272.85,1874.97,306.424,-25.5541
50400.00,1276.6,1886.24,305.813,-25.5541
51300.00,1280.17,1896.89,305.215,-25.5541
52200.00,1283.61,1906.58,304.629,-25.5541
53100.00,1286.98,1905.93,304.057,-25.5541
54000.00,1290.29,1897.92,303.497,-25.5541
54900.00,1293.57,1895.68,302.951,-25.5541
55800.00,1296.84,1886.95,302.418,-25.5541
56700.00,1300.09,1875.75,301.899,-25.5541
57600.00,1303.33,1865.24,301.392,-25.5541
58500.00,1306.57,1855.25,300.899,-25.5541
59400.00,1309.79,1847.03,300.419,-25.5541
60300.00,1313.01,1839.68,299.951,-25.5541
61200.00,193933,28946.9,299.132,-103145
62100.00,194422,3551.95,322.562,-124249
63000.00,173715,3778.76,322.564,-123723
63900.00,172986,3786.02,322.565,-123860
64800.00,173208,3786.49,322.565,-124212
65700.00,173436,3786.57,322.569,-124549
66600.00,173754,3786.72,322.572,-125016
67500.00,174106,3786.89,322.585,-125537
68400.00,174476,3787.02,322.589,-126085
69300.00,174864,3787.17,322.58,-126661
70200.00,166772,3760.94,322.553,-115119
71100.00,163062,3770.8,322.531,-109849
72000.00,157001,3768.27,322.503,-101642
72900.00,151719,3767.27,322.487,-94730
73800.00,146898,3765.5,322.466,-88636.9
74700.00,142560,3764.35,322.443,-83326.3
75600.00,138553,3762.73,322.423,-78571.1
76500.00,134921,3761.66,322.408,-74381.2
77400.00,131544,3760.16,322.341,-70589.9
78300.00,128450,3759.1,322.365,-67204.2
79200.00,144386,3845.95,322.408,-84993.6
80100.00,162718,3786.02,322.529,-108809
81000.00,104833,3462.28,322.403,-45036.8
81900.00,98431.7,3723.57,322.156,-39153
82800.00,93516.5,3719.42,322.089,-35013.1
83700.00,89809.5,3719.92,322.042,-32104.9
84600.00,86752.4,3718.67,321.988,-29840.5
85500.00,84319,3719.12,321.95,-28102.6
86400.00,82251.2,3718.08,321.917,-26670.1
87300.00,80542.4,3718.08,321.888,-25513.9
88200.00,79051.3,3717.13,321.859,-24527.5
89100.00,77759.1,3716.59,321.835,-23688.4
90000.00,76574.2,3715.39,321.815,-22933.6
90900.00,75495.4,3714.53,321.801,-22257.5
91800.00,74489.8,3713.37,321.783,-21637.2
92700.00,73547.5,3712.28,321.761,-21064.2
93600.00,72628.7,3710.82,321.745,-20514.1
94500.00,74551.2,3733.34,321.75,-21607.4
95400.00,74969.3,3725.28,321.768,-21860.1
96300.00,75190,3724.54,321.78,-22000.5
97200.00,75401.6,3725.01,321.782,-22135.7
98100.00,75660.3,3725.94,321.786,-22296.9
99000.00,75956.9,3726.62,321.792,-22480.4
99900.00,76267.9,3727.09,321.797,-22673.4
100800.00,76560.3,3727.28,321.805,-22856.5
101700.00,76853.4,3727.82,321.816,-23040.7
102600.00,77187.9,3728.6,321.835,-23251
103500.00,77562.6,3729.33,321.841,-23487.3
104400.00,77924.7,3729.67,321.843,-23717.8
105300.00,78261.4,3729.88,321.84,-23933.9
106200.00,78584.1,3730.19,321.84,-24142.2
107100.00,78896.9,3730.53,321.843,-24344.9
108000.00,79211.6,3730.96,321.853,-24549.4
108900.00,79511.5,3731.11,321.866,-24745.3
109800.00,79772.5,3731.16,321.863,-24917.1
110700.00,80002.3,3731.26,321.866,-25069.2
111600.00,40288.4,2924.71,321.719,-6321.46
112500.00,944.236,346.655,321.458,-25.5541
113400.00,964.408,735.172,321.322,-25.5541
114300.00,984.009,980.481,321.088,-25.5541
115200.00,1003.05,1191.55,320.776,-25.5541
116100.00,1020.17,1348.83,320.393,-25.5541
117000.00,1036,1413.5,319.948,-25.5541
117900.00,1054.52,1474.83,319.452,-25.5541
118800.00,1073.99,1536.34,318.911,-25.5541
119700.00,1092.95,1596.57,318.334,-25.5541
120600.00,1111.12,1654.13,317.726,-25.5541
121500.00,1127.76,1688.53,317.094,-25.5541
122400.00,1146.75,1698.68,316.441,-25.5541
123300.00,1163.29,1707.89,315.773,-25.5541
124200.00,1177.66,1717.15,315.094,-25.5541
125100.00,1190.75,1726.69,314.407,-25.5541
126000.00,1202.78,1737.01,313.716,-25.5541
126900.00,1213.56,1747.67,313.022,-25.5541
127800.00,1222.96,1759.63,312.33,-25.5541
128700.00,1231.09,1772.46,311.64,-25.5541
129600.00,1238.18,1785.82,310.954,-25.5541
130500.00,1244.5,1799.14,310.274,-25.5541
131400.00,1250.27,1812.14,309.601,-25.5541
132300.00,1255.64,1824.96,308.937,-25.5541
133200.00,1260.66,1837.64,308.283,-25.5541
134100.00,1265.31,1850.13,307.639,-25.5541
135000.00,1269.61,1862.31,307.006,-25.5541
135900.00,1273.6,1874.08,306.384,-25.5541
136800.00,1277.33,1885.34,305.774,-25.5541
137700.00,1280.88,1895.96,305.177,-25.5541
138600.00,1284.31,1905.62,304.593,-25.5541
139500.00,1287.66,1904.92,304.021,-25.5541
140400.00,1290.96,1896.94,303.463,-25.5541
141300.00,1294.23,1894.69,302.918,-25.5541
142200.00,1297.47,1885.96,302.386,-25.5541
143100.00,1300.71,1874.78,301.867,-25.5541
144000.00,1303.94,1864.29,301.362,-25.5541
144900.00,1307.16,1854.32,300.87,-25.5541
145800.00,1310.38,1846.12,300.39,-25.5541
146700.00,1313.58,1838.78,299.923,-25.5541
147600.00,193976,28926.6,299.104,-103145
148500.00,239466,3635.57,322.718,-209653
149400.00,204146,3790.05,322.657,-173969
150300.00,202301,3791.96,322.652,-170894
151200.00,201131,3792.16,322.648,-168862
152100.00,200423,3792.59,322.644,-167634
153000.00,199945,3792.68,322.644,-166809
153900.00,199660,3792.87,322.644,-166317
154800.00,199480,3792.93,322.644,-166007
155700.00,199376,3792.99,322.643,-165829
156600.00,199299,3793,322.643,-165696
157500.00,195511,3777.35,322.636,-159423
158400.00,187537,3780.56,322.612,-146404
159300.00,181867,3779.93,322.596,-137439
160200.00,176761,3778.67,322.579,-129626
161100.00,172228,3777.97,322.565,-122884
162000.00,168068,3776.82,322.55,-116860
162900.00,164302,3776.08,322.536,-111537
163800.00,160799,3775.01,322.522,-106701
164700.00,157582,3774.26,322.508,-102355
165600.00,158528,3787.65,322.508,-103521
166500.00,162449,3783.38,322.565,-108809
167400.00,137457,3678.88,322.465,-77734.5
168300.00,123933,3739.13,322.353,-62707.8
169200.00,117715,3741.58,322.301,-56253.2
170100.00,112968,3742.03,322.262,-51613.7
171000.00,108911,3740.28,322.227,-47832.9
171900.00,105509,3739.83,322.192,-44776.8
172800.00,102562,3738.62,322.163,-42212.1
173700.00,100087,3738.29,322.137,-40115.7
174600.00,97855.1,3736.91,322.113,-38273.2
175500.00,97798.9,3762.34,322.097,-38168
176400.00,98914.5,3748.87,322.127,-39044.4
177300.00,98649.9,3747.44,322.113,-38839.2
178200.00,98429,3747.61,322.109,-38665
179100.00,98237.3,3747.58,322.107,-38510.5
180000.00,98031.5,3747.29,322.103,-38343.7
180900.00,97800.9,3746.98,322.102,-38157.1
181800.00,97561.3,3746.71,322.099,-37963.4
182700.00,97292.8,3746.28,322.096,-37747.3
183600.00,96996,3745.88,322.093,-37509.1
184500.00,96714.3,3745.84,322.089,-37282.8
185400.00,96484,3745.88,322.087,-37097.1
186300.00,96309.2,3746.05,322.085,-36955.7
187200.00,96156.7,3745.94,322.083,-36832.8
188100.00,95954.6,3745.38,322.081,-36672.6
189000.00,95710,3744.97,322.079,-36479.5
189900.00,95451.6,3744.74,322.075,-36275.7
190800.00,95228.7,3744.77,322.073,-36099.1
191700.00,95109.3,3745.35,322.07,-36002.3
192600.00,95066.7,3745.65,322.07,-35965.9
193500.00,95062.4,3745.77,322.07,-35960.8
194400.00,95036.8,3745.57,322.07,-35940.4
195300.00,94950,3745.11,322.069,-35873.2
196200.00,94828.4,3744.84,322.068,-35778.9
197100.00,94679.4,3744.56,322.067,-35663.2
198000.00,47452.6,2995.09,321.899,-8897.49
198900.00,937.344,332.801,321.615,-25.5541
199800.00,957.732,726.227,321.479,-25.5541
200700.00,977.542,973.977,321.249,-25.5541
201600.00,996.79,1187.18,320.937,-25.5541
202500.00,1014.3,1347.87,320.555,-25.5541
203400.00,1030.08,1413.27,320.111,-25.5541
204300.00,1048.79,1475.08,319.614,-25.5541
205200.00,1068.45,1537.12,319.071,-25.5541
206100.00,1087.6,1597.88,318.492,-25.5541
207000.00,1105.95,1656.11,317.881,-25.5541
207900.00,1122.74,1691.26,317.245,-25.5541
208800.00,1141.93,1701.51,316.589,-25.5541
209700.00,1158.67,1710.77,315.918,-25.5541
210600.00,1173.2,1720.1,315.236,-25.5541
211500.00,1186.43,1729.69,314.546,-25.5541
212400.00,1198.6,1740.14,313.852,-25.5541
213300.00,1209.52,1750.85,313.155,-25.5541
214200.00,1219.06,1762.81,312.458,-25.5541
215100.00,1227.3,1775.71,311.764,-25.5541
216000.00,1234.5,1789.16,311.074,-25.5541
216900.00,1240.92,1802.56,310.39,-25.5541
217800.00,1246.79,1815.65,309.714,-25.5541
218700.00,1252.25,1828.56,309.047,-25.5541
219600.00,1257.36,1841.33,308.389,-25.5541
220500.00,1262.1,1853.9,307.741,-25.5541
221400.00,1266.47,1866.18,307.104,-25.5541
222300.00,1270.53,1878.05,306.479,-25.5541
223200.00,1274.33,1889.41,305.866,-25.5541
224100.00,1277.95,1900.16,305.265,-25.5541
225000.00,1281.44,1909.99,304.677,-25.5541
225900.00,1284.85,1909.49,304.103,-25.5541
226800.00,1288.22,1901.4,303.542,-25.5541
227700.00,1291.54,1899.2,302.993,-25.5541
228600.00,1294.85,1890.48,302.459,-25.5541
229500.00,1298.15,1879.19,301.937,-25.5541
230400.00,1301.43,1868.61,301.429,-25.5541
231300.00,1304.71,1858.54,300.934,-25.5541
232200.00,1307.98,1850.26,300.453,-25.5541
233100.00,1311.23,1842.85,299.984,-25.5541
234000.00,193649,29004.9,299.104,-103145
234900.00,269773,3655.4,322.802,-289932
235800.00,209756,3792.27,322.672,-184373
236700.00,207529,3792.63,322.665,-180098
237600.00,205867,3792.76,322.66,-177131
238500.00,204752,3793.18,322.657,-175157
239400.00,203914,3793.21,322.655,-173683
240300.00,203316,3793.39,322.652,-172633
241200.00,202859,3793.41,322.651,-171836
242100.00,202542,3793.52,322.651,-171282
243000.00,202303,3793.53,322.65,-170865
243900.00,202135,3793.59,322.651,-170573
244800.00,202009,3793.6,322.648,-170355
245700.00,191624,3782.1,322.625,-153045
246600.00,185962,3781.27,322.608,-143863
247500.00,181010,3780.64,322.592,-136097
248400.00,176455,3779.4,322.578,-129155
249300.00,172184,3778.21,322.563,-122814
250200.00,168062,3776.79,322.549,-116851
251100.00,164191,3775.81,322.534,-111385
252000.00,161485,3777.83,322.523,-107620
252900.00,162400,3782.8,322.53,-108809
253800.00,162399,3782.51,322.534,-108809
254700.00,126013,3726.94,322.384,-65055.9
255600.00,119784,3743.84,322.319,-58360.5
256500.00,114996,3743.79,322.277,-53551.8
257400.00,110933,3742.25,322.242,-49687.1
258300.00,107582,3742.13,322.211,-46614.4
259200.00,104703,3741.09,322.183,-44055.5
260100.00,104265,3764.94,322.165,-43607.6
261000.00,105444,3754.85,322.191,-44593.6
261900.00,105245,3753.12,322.179,-44429.1
262800.00,105062,3753.18,322.177,-44274.5
263700.00,104946,3753.53,322.174,-44172.9
264600.00,104896,3753.75,322.174,-44129
265500.00,104876,3753.78,322.175,-44110.5
266400.00,104819,3753.52,322.173,-44060.9
267300.00,104707,3753.23,322.172,-43964.5
268200.00,104598,3753.18,322.171,-43869.9
269100.00,104500,3753.17,322.17,-43784.8
270000.00,104413,3753.15,322.169,-43708.4
270900.00,104388,3753.55,322.17,-43685.2
271800.00,104429,3753.82,322.171,-43719
272700.00,104490,3753.9,322.168,-43772
273600.00,104521,3753.72,322.167,-43798.5
274500.00,104503,3753.53,322.171,-43783.6
275400.00,104492,3753.56,322.172,-43774.5
276300.00,104478,3753.49,322.17,-43762
277200.00,104439,3753.34,322.165,-43728.5
278100.00,104361,3753.08,322.162,-43662.3
279000.00,104255,3752.88,322.159,-43570.9
279900.00,104119,3752.65,322.154,-43454.4
280800.00,103966,3752.46,322.149,-43322.7
281700.00,103813,3752.39,322.146,-43190.9
282600.00,103681,3752.39,322.148,-43076.6
283500.00,103678,3753.14,322.157,-43070.9
284400.00,52085.8,3036.81,322,-10793.8
285300.00,934.085,325.443,321.707,-25.5541
286200.00,954.576,721.417,321.576,-25.5541
287100.00,974.486,970.425,321.348,-25.5541
288000.00,993.829,1184.73,321.037,-25.5541
288900.00,1011.53,1347.15,320.653,-25.5541
289800.00,1027.28,1412.98,320.206,-25.5541
290700.00,1046.07,1475.03,319.706,-25.5541
291600.00,1065.82,1537.33,319.162,-25.5541
292500.00,1085.07,1598.37,318.58,-25.5541
293400.00,1103.5,1656.93,317.968,-25.5541
294300.00,1120.36,1692.46,317.331,-25.5541
295200.00,1139.65,1702.76,316.674,-25.5541
296100.00,1156.49,1712.06,316.001,-25.5541
297000.00,1171.1,1721.41,315.317,-25.5541
297900.00,1184.39,1731.03,314.624,-25.5541
298800.00,1196.64,1741.5,313.926,-25.5541
299700.00,1207.62,1752.23,313.226,-25.5541
300600.00,1217.22,1764.23,312.527,-25.5541
301500.00,1225.52,1777.16,311.831,-25.5541
302400.00,1232.78,1790.66,311.139,-25.5541
303300.00,1239.24,1804.11,310.452,-25.5541
304200.00,1245.15,1817.25,309.774,-25.5541
305100.00,1250.66,1830.2,309.103,-25.5541
306000.00,1255.81,1843.01,308.442,-25.5541
306900.00,1260.59,1855.63,307.792,-25.5541
307800.00,1265,1867.96,307.153,-25.5541
308700.00,1269.09,1879.88,306.525,-25.5541
309600.00,1272.93,1891.3,305.91,-25.5541
310500.00,1276.57,1902.12,305.307,-25.5541
311400.00,1280.09,1912.03,304.718,-25.5541
312300.00,1283.54,1911.63,304.141,-25.5541
313200.00,1286.93,1903.49,303.578,-25.5541
314100.00,1290.28,1901.32,303.029,-25.5541
315000.00,1293.62,1892.62,302.493,-25.5541
315900.00,1296.94,1881.28,301.971,-25.5541
316800.00,1300.25,1870.66,301.462,-25.5541
317700.00,1303.55,1860.54,300.966,-25.5541
318600.00,1306.85,1852.22,300.484,-25.5541
319500.00,1310.13,1844.77,300.014,-25.5541
320400.00,193494,29039.2,299.134,-103145
321300.00,275413,3670.98,322.805,-302655
322200.00,220292,3793.64,322.695,-203803
323100.00,217554,3794.7,322.687,-198404
324000.00,215621,3794.88,322.682,-194783
324900.00,214412,3795.46,322.68,-192533
325800.00,213581,3795.56,322.678,-190998
326700.00,213065,3795.82,322.676,-190046
327600.00,212707,3795.86,322.676,-189387
328500.00,212461,3795.93,322.675,-188936
329400.00,212266,3795.92,322.675,-188579
330300.00,212126,3795.97,322.674,-188324
331200.00,212043,3796.01,322.673,-188171
332100.00,212026,3796.08,322.674,-188138
333000.00,212034,3796.11,322.665,-188152
333900.00,206617,3781.25,322.662,-178574
334800.00,199478,3786.38,322.644,-166136
335700.00,194858,3785.82,322.632,-158308
336600.00,190649,3784.91,322.621,-151365
337500.00,186882,3784.41,322.61,-145284
338400.00,172702,3752.41,322.579,-123812
339300.00,162250,3780.42,322.529,-108809
340200.00,162383,3782.67,322.525,-108809
341100.00,140687,3743.28,322.446,-81345.2
342000.00,133008,3752.28,322.396,-72351
342900.00,127960,3753.92,322.364,-66739.2
343800.00,132075,3796.46,322.368,-71002.6
344700.00,131519,3767.92,322.378,-70448
345600.00,130963,3768.1,322.371,-69863.6
346500.00,130489,3768.13,322.369,-69347.3
347400.00,130069,3768.04,322.366,-68887.2
348300.00,129692,3767.97,322.364,-68474.5
349200.00,129330,3767.81,322.359,-68080.1
350100.00,129013,3767.86,322.36,-67734.9
351000.00,128753,3767.86,322.358,-67452.5
351900.00,128524,3767.79,322.357,-67203.3
352800.00,128270,3767.55,322.356,-66930.5
353700.00,127954,3767.17,322.353,-66591.5
354600.00,127631,3767.05,322.351,-66245.4
355500.00,127335,3767.02,322.35,-65928.3
356400.00,127107,3767.13,322.348,-65683
357300.00,127077,3767.95,322.346,-65645.5
358200.00,127226,3768.48,322.349,-65800.9
359100.00,127450,3768.68,322.353,-66038.4
360000.00,127613,3768.5,322.362,-66212.7
360900.00,127643,3768.05,322.379,-66246.7
361800.00,127600,3767.85,322.353,-66202.7
362700.00,127491,3767.58,322.351,-66087.5
363600.00,127441,3767.92,322.351,-66033.4
364500.00,127544,3768.46,322.352,-66140.9
365400.00,127709,3768.69,322.354,-66317.1
366300.00,127912,3768.87,322.368,-66533.1
367200.00,128110,3768.92,322.376,-66744.7
368100.00,128262,3768.81,322.388,-66909.9
369000.00,128374,3768.76,322.36,-67031.2
369900.00,128472,3768.82,322.358,-67137
370800.00,64572.2,3126.2,322.202,-16829.9
371700.00,927.38,309.732,321.895,-25.5541
372600.00,948.083,711.106,321.765,-25.5541
373500.00,968.196,962.773,321.539,-25.5541
374400.00,987.737,1179.41,321.228,-25.5541
375300.00,1005.86,1345.63,320.844,-25.5541
376200.00,1021.52,1412.22,320.397,-25.5541
377100.00,1040.48,1474.78,319.897,-25.5541
378000.00,1060.42,1537.62,319.351,-25.5541
378900.00,1079.86,1599.23,318.768,-25.5541
379800.00,1098.46,1658.51,318.153,-25.5541
380700.00,1115.47,1694.87,317.512,-25.5541
381600.00,1134.96,1705.27,316.851,-25.5541
382500.00,1152,1714.62,316.175,-25.5541
383400.00,1166.77,1724.03,315.487,-25.5541
384300.00,1180.21,1733.71,314.79,-25.5541
385200.00,1192.59,1744.28,314.089,-25.5541
386100.00,1203.71,1755.06,313.386,-25.5541
387000.00,1213.44,1767.08,312.683,-25.5541
387900.00,1221.87,1780.1,311.982,-25.5541
388800.00,1229.23,1793.68,311.286,-25.5541
389700.00,1235.79,1807.23,310.596,-25.5541
390600.00,1241.8,1820.46,309.914,-25.5541
391500.00,1247.4,1833.51,309.239,-25.5541
392400.00,1252.63,1846.42,308.575,-25.5541
393300.00,1257.48,1859.13,307.921,-25.5541
394200.00,1261.97,1871.56,307.278,-25.5541
395100.00,1266.13,1883.59,306.647,-25.5541
396000.00,1270.03,1895.14,306.029,-25.5541
396900.00,1273.74,1906.1,305.422,-25.5541
397800.00,1277.33,1916.2,304.829,-25.5541
398700.00,1280.83,1916.03,304.249,-25.5541
399600.00,1284.28,1907.78,303.683,-25.5541
400500.00,1287.69,1905.66,303.13,-25.5541
401400.00,1291.08,1896.99,302.59,-25.5541
402300.00,1294.46,1885.54,302.064,-25.5541
403200.00,1297.82,1874.83,301.551,-25.5541
404100.00,1301.18,1864.59,301.052,-25.5541
405000.00,1304.53,1856.19,300.565,-25.5541
405900.00,1307.87,1848.68,300.092,-25.5541
406800.00,193176,29106.4,299.147,-103145
407700.00,229522,3628.55,322.676,-185777
408600.00,203726,3789.65,322.655,-172970
409500.00,202193,3792.42,322.651,-170692
410400.00,201371,3792.66,322.646,-169267
411300.00,200940,3793.05,322.647,-168516
412200.00,200685,3793.15,322.646,-168074
413100.00,200590,3793.35,322.644,-167908
414000.00,200611,3793.48,322.644,-167940
414900.00,200780,3793.75,322.646,-168228
415800.00,201037,3793.88,322.653,-168668
416700.00,193043,3782.72,322.63,-155344
417600.00,187552,3782.28,322.614,-146391
418500.00,182871,3781.75,322.6,-138978
419400.00,178632,3780.76,322.585,-132439
420300.00,174855,3780.22,322.57,-126745
421200.00,171378,3779.32,322.562,-121619
422100.00,168216,3778.73,322.551,-117048
423000.00,165266,3777.9,322.539,-112867
423900.00,162566,3777.38,322.526,-109106
424800.00,161228,3780.73,322.521,-107234
425700.00,162407,3782.83,322.533,-108809
426600.00,162400,3782.5,322.518,-108809
427500.00,128983,3732.51,322.395,-68199.6
428400.00,122920,3747.13,322.335,-61531.5
429300.00,118486,3748.3,322.301,-56945.9
430200.00,114884,3747.66,322.269,-53397.7
431100.00,112007,3748,322.247,-50651
432000.00,109526,3747.15,322.225,-48344.4
432900.00,110424,3780.88,322.213,-49074.7
433800.00,112900,3760.91,322.27,-51342.1
434700.00,113088,3760.24,322.246,-51551.5
435600.00,113281,3760.54,322.249,-51746.8
436500.00,113483,3760.7,322.253,-51939.9
437400.00,113691,3760.86,322.256,-52138
438300.00,113908,3761.03,322.263,-52343.8
439200.00,114130,3761.19,322.26,-52555
440100.00,114297,3760.93,322.264,-52716.2
441000.00,114384,3760.73,322.263,-52800.7
441900.00,114424,3760.64,322.258,-52840.8
442800.00,114488,3760.83,322.258,-52902.4
443700.00,114625,3761.23,322.26,-53032.1
444600.00,114811,3761.52,322.265,-53208.5
445500.00,115060,3761.91,322.275,-53445.7
446400.00,115303,3761.96,322.289,-53679.9
447300.00,115517,3762,322.297,-53886.2
448200.00,115729,3762.13,322.31,-54091.5
449100.00,115943,3762.27,322.269,-54299.3
450000.00,116161,3762.41,322.271,-54510.2
450900.00,116375,3762.51,322.274,-54718.4
451800.00,116575,3762.58,322.28,-54913.6
452700.00,116751,3762.58,322.287,-55086.7
453600.00,116914,3762.65,322.297,-55246.6
454500.00,117062,3762.65,322.284,-55391.9
455400.00,117171,3762.55,322.285,-55499.7
456300.00,117311,3762.93,322.284,-55636.1
457200.00,59003.9,3089.7,322.111,-13970.6
458100.00,930.077,316.121,321.806,-25.5541
459000.00,950.694,715.303,321.67,-25.5541
459900.00,970.726,965.893,321.442,-25.5541
460800.00,990.188,1181.58,321.129,-25.5541
461700.00,1008.13,1346.24,320.745,-25.5541
462600.00,1023.84,1412.55,320.299,-25.5541
463500.00,1042.73,1474.9,319.799,-25.5541
464400.00,1062.59,1537.52,319.254,-25.5541
465300.00,1081.95,1598.9,318.671,-25.5541
466200.00,1100.49,1657.89,318.057,-25.5541
467100.00,1117.44,1693.91,317.418,-25.5541
468000.00,1136.85,1704.27,316.758,-25.5541
468900.00,1153.8,1713.6,316.083,-25.5541
469800.00,1168.51,1722.99,315.396,-25.5541
470700.00,1181.89,1732.64,314.702,-25.5541
471600.00,1194.22,1743.19,314.002,-25.5541
472500.00,1205.28,1753.95,313.301,-25.5541
473400.00,1214.96,1765.94,312.6,-25.5541
474300.00,1223.34,1778.93,311.901,-25.5541
475200.00,1230.66,1792.48,311.207,-25.5541
476100.00,1237.18,1805.98,310.519,-25.5541
477000.00,1243.15,1819.18,309.839,-25.5541
477900.00,1248.71,1832.19,309.167,-25.5541
478800.00,1253.91,1845.05,308.505,-25.5541
479700.00,1258.73,1857.73,307.853,-25.5541
480600.00,1263.19,1870.12,307.212,-25.5541
481500.00,1267.32,1882.11,306.583,-25.5541
482400.00,1271.2,1893.6,305.966,-25.5541
483300.00,1274.88,1904.5,305.362,-25.5541
484200.00,1278.44,1914.53,304.77,-25.5541
485100.00,1281.92,1914.27,304.192,-25.5541
486000.00,1285.34,1906.06,303.628,-25.5541
486900.00,1288.73,1903.92,303.076,-25.5541
487800.00,1292.1,1895.24,302.538,-25.5541
488700.00,1295.45,1883.83,302.014,-25.5541
489600.00,7501.62,9631.08,300.892,-174.111
490500.00,10841.8,7663.9,298.51,-306.874
491400.00,13010.5,7413.13,296.871,-460.139
492300.00,15299.9,5978.09,296.058,-626.47
493200.00,199598,14691.2,311.955,-112191
494100.00,282932,3722.66,322.81,-330016
495000.00,241234,3795.34,322.736,-245489
495900.00,236771,3797.73,322.726,-236059
496800.00,233565,3797.78,322.72,-229521
497700.00,231329,3798.24,322.711,-225017
498600.00,229574,3798.17,322.711,-221517
499500.00,228236,3798.34,322.708,-218868
500400.00,227149,3798.28,322.706,-216729
501300.00,226326,3798.41,322.705,-215116
502200.00,225665,3798.39,322.703,-213826
503100.00,225135,3798.41,322.703,-212794
504000.00,224651,3798.33,322.702,-211855
504900.00,224173,3798.22,322.701,-210931
505800.00,223697,3798.12,322.7,-210013
506700.00,223248,3798.07,322.699,-209149
507600.00,222850,3798.04,322.698,-208383
508500.00,222521,3798.04,322.697,-207750
509400.00,222214,3797.99,322.695,-207162
510300.00,213748,3789.93,322.68,-191438
511200.00,185077,3730.92,322.628,-142998
512100.00,162110,3777.8,322.532,-108809
513000.00,162367,3782.82,322.526,-108809
513900.00,156196,3744.99,322.503,-100621
514800.00,142881,3748.58,322.442,-83884
515700.00,152088,3776.85,322.516,-94991.3
516600.00,149455,3771.79,322.474,-91748.8
517500.00,147288,3772.08,322.458,-89053.7
518400.00,145401,3771.71,322.453,-86716.3
519300.00,143766,3771.58,322.444,-84715.4
520200.00,142270,3771.14,322.437,-82905.8
521100.00,140897,3770.81,322.43,-81263.9
522000.00,139588,3770.29,322.423,-79714.6
522900.00,138386,3770.09,322.416,-78302.9
523800.00,137307,3769.85,322.41,-77047.2
524700.00,136336,3769.67,322.405,-75925.1
525600.00,135443,3769.41,322.4,-74901.1
526500.00,134644,3769.3,322.395,-73991.1
527400.00,133908,3769.07,322.391,-73157
528300.00,133216,3768.83,322.387,-72378.7
529200.00,132526,3768.45,322.383,-71607.1
530100.00,131804,3767.98,322.376,-70805.5
531000.00,131137,3767.9,322.367,-70067.3
531900.00,130564,3767.86,322.369,-69433.9
532800.00,130029,3767.66,322.363,-68846.6
533700.00,129523,3767.5,322.36,-68294.1
534600.00,129046,3767.32,322.357,-67775.2
535500.00,128607,3767.22,322.358,-67298.9
536400.00,128198,3767.09,322.355,-66857.6
537300.00,127825,3767.01,322.352,-66455
538200.00,127476,3766.88,322.35,-66079.9
539100.00,127154,3766.81,322.348,-65735.1
540000.00,126852,3766.7,322.346,-65412.5
540900.00,126617,3766.9,322.346,-65160.5
541800.00,126471,3767.06,322.344,-65004
542700.00,126393,3767.18,322.344,-64918.6
543600.00,63417.7,3117.98,322.171,-16217.3
544500.00,927.851,310.984,321.859,-25.5541
545400.00,948.538,711.937,321.725,-25.5541
546300.00,968.637,963.399,321.498,-25.5541
547200.00,988.164,1179.85,321.187,-25.5541
548100.00,1006.43,1345.77,320.803,-25.5541
549000.00,1021.92,1412.02,320.356,-25.5541
549900.00,1040.88,1474.22,319.855,-25.5541
550800.00,1060.8,1537.07,319.309,-25.5541
551700.00,1080.22,1598.7,318.726,-25.5541
552600.00,1098.82,1658,318.112,-25.5541
553500.00,1115.81,1694.36,317.472,-25.5541
554400.00,1135.29,1705.11,316.812,-25.5541
555300.00,1152.31,1714.45,316.136,-25.5541
556200.00,1167.07,1723.47,315.448,-25.5541
557100.00,1180.5,1732.43,314.752,-25.5541
558000.00,1192.87,1743.29,314.052,-25.5541
558900.00,1203.98,1754.67,313.349,-25.5541
559800.00,1213.7,1766.89,312.647,-25.5541
560700.00,1222.12,1779.9,311.947,-25.5541
561600.00,1229.47,1793.48,311.252,-25.5541
562500.00,1236.03,1807.01,310.563,-25.5541
563400.00,1242.03,1820.23,309.881,-25.5541
564300.00,1247.62,1833.27,309.208,-25.5541
565200.00,1252.85,1846.17,308.544,-25.5541
566100.00,1257.7,1858.87,307.891,-25.5541
567000.00,1262.18,1871.29,307.249,-25.5541
567900.00,1266.34,1883.31,306.618,-25.5541
568800.00,1270.23,1894.85,306,-25.5541
569700.00,1273.94,1905.79,305.395,-25.5541
570600.00,1277.52,1915.88,304.803,-25.5541
571500.00,1281.02,1915.69,304.223,-25.5541
572400.00,1284.46,1907.45,303.657,-25.5541
573300.00,1287.87,1905.33,303.105,-25.5541
574200.00,1291.26,1896.66,302.566,-25.5541
575100.00,2732.72,4019.15,301.985,-54.9703
576000.00,8035.53,8258.67,300.012,-193.758
576900.00,10742.7,7019.94,298.056,-310.542
577800.00,12649.3,6824.83,296.553,-446.399
578700.00,14989.5,5656.39,296.236,-596.09
579600.00,199852,14027.7,312.957,-111902
580500.00,282411,3722.04,322.811,-328983
581400.00,240429,3795.23,322.734,-243816
582300.00,235876,3797.44,322.724,-234235
583200.00,232614,3797.52,322.714,-227609
584100.00,230415,3798.12,322.71,-223194
585000.00,228768,3798.12,322.709,-219922
585900.00,227572,3798.34,322.707,-217562
586800.00,226599,3798.27,322.706,-215651
587700.00,225772,3798.23,322.703,-214037
588600.00,225005,3798.11,322.702,-212547
589500.00,224317,3798.07,322.701,-211213
590400.00,223715,3798.02,322.7,-210051
591300.00,223230,3798.05,322.699,-209115
592200.00,222805,3798,322.697,-208297
593100.00,222432,3797.98,322.695,-207582
594000.00,222086,3797.92,322.695,-206918
594900.00,221761,3797.88,322.695,-206298
595800.00,221455,3797.83,322.694,-205714
596700.00,221179,3797.81,322.691,-205187
597600.00,187935,3720.98,322.638,-147668
598500.00,162077,3777.23,322.535,-108809
599400.00,162364,3782.86,322.526,-108809
600300.00,155203,3738.73,322.515,-99341.4
601200.00,158259,3815.65,322.498,-103059
602100.00,155281,3773.41,322.499,-99249.5
603000.00,152640,3773.43,322.483,-95847
603900.00,150514,3773.65,322.472,-93114
604800.00,148688,3773.39,322.467,-90798.1
