Datetime,Qheat_injection_W,Qheat_losses_W,Critical_temp_K,Critical_press_drop_Pa
0.00,107472,3827.13,323.15,-99536.5
900.00,89702.6,3770.64,323.15,-66324.6
1800.00,87600.1,3748.2,323.15,-61760.6
2700.00,86409.7,3739.68,323.15,-59432.3
3600.00,85525.8,3736.69,323.15,-57998.5
4500.00,85012.6,3735.31,323.15,-57214.1
5400.00,84691.7,3734.56,321.939,-56736.7
6300.00,84539.1,3734.14,321.935,-56506.9
7200.00,84474.3,3733.92,321.934,-56406.3
8100.00,84499.7,3733.83,321.933,-56433.4
9000.00,84577.9,3733.84,321.934,-56536.9
9900.00,84669.8,3733.9,321.935,-56662
10800.00,84725.4,3733.98,321.936,-56740.5
11700.00,84717.8,3734.04,321.937,-56733.7
12600.00,84682.6,3734,321.936,-56684.9
13500.00,84619.8,3733.96,321.935,-56599.4
14400.00,84545.4,3733.91,321.934,-56498.5
15300.00,84471.7,3733.84,321.933,-56396.9
16200.00,84399.7,3733.76,321.932,-56296.8
17100.00,84316.2,3733.67,321.931,-56181.7
18000.00,84213.7,3733.55,321.93,-56039.6
18900.00,84075.9,3733.39,321.927,-55848.5
19800.00,83906.5,3733.22,321.925,-55616.2
20700.00,83708.3,3733.05,321.923,-55346.1
21600.00,83502.6,3732.84,321.92,-55065.3
22500.00,83303.5,3732.62,321.917,-54792.9
23400.00,83108.5,3732.38,321.914,-54525.8
24300.00,82905.2,3732.13,321.911,-54248
25200.00,41557.7,3713.88,321.696,-13640.4
26100.00,945.003,3594.79,320.706,-62.9451
27000.00,965.445,3441.73,319.559,-62.9451
27900.00,985.429,3307.33,318.448,-62.9451
28800.00,1005.3,3188.64,317.373,-62.9451
29700.00,1025.89,3083.56,316.332,-62.9451
30600.00,1048.2,2990.2,315.326,-62.9451
31500.00,1072.69,2906.97,314.351,-62.9451
32400.00,1098.94,2832.48,313.408,-62.9451
33300.00,1126.04,2765.52,312.496,-62.9451
34200.00,1152.95,2705.06,311.613,-62.9451
35100.00,1178.71,2650.24,310.758,-62.9451
36000.00,1202.51,2600.34,309.931,-62.9451
36900.00,1223.8,2554.72,309.131,-62.9451
37800.00,1242.34,2512.84,308.356,-62.9451
38700.00,1258.13,2474.17,307.606,-62.9451
39600.00,1271.4,2438.26,306.88,-62.9451
40500.00,1282.51,2404.72,306.177,-62.9451
41400.00,1291.84,2373.21,305.496,-62.9451
42300.00,1299.77,2343.48,304.836,-62.9451
43200.00,1306.6,2315.32,304.197,-62.9451
44100.00,1312.62,2288.56,303.578,-62.9451
45000.00,1318.02,2263.06,302.977,-62.9451
45900.00,1322.98,2238.72,302.395,-62.9451
46800.00,1327.62,2215.46,301.83,-62.9451
47700.00,1332.05,2193.2,301.282,-62.9451
48600.00,1336.34,2171.9,300.75,-62.9451
49500.00,1340.53,2151.49,300.234,-62.9451
50400.00,1344.66,2131.95,299.734,-62.9451
51300.00,1348.76,2113.22,299.248,-62.9451
52200.00,1352.85,2095.28,298.776,-62.9451
53100.00,1356.92,2078.1,298.319,-62.9451
54000.00,1360.98,2061.65,297.875,-62.9451
54900.00,1365.03,2045.9,297.445,-62.9451
55800.00,1369.04,2030.82,297.029,-62.9451
56700.00,1373.01,2016.39,296.625,-62.9451
57600.00,1376.93,2002.59,296.235,-62.9451
58500.00,1380.79,1989.37,295.857,-62.9451
59400.00,1384.57,1976.72,295.491,-62.9451
60300.00,1388.26,1964.62,295.139,-62.9451
61200.00,194502,3156.04,302.093,-206298
62100.00,187261,3676.45,322.564,-248500
63000.00,173042,3784.76,322.565,-247447
63900.00,172552,3788.31,322.565,-247722
64800.00,172777,3788.45,322.565,-248424
65700.00,173003,3788.53,322.566,-249099
66600.00,173319,3788.64,322.567,-250034
67500.00,173667,3788.76,322.569,-251074
68400.00,174035,3788.88,322.57,-252172
69300.00,174435,3788.83,322.569,-253323
70200.00,166407,3787.42,322.552,-230240
71100.00,162709,3785.61,322.534,-219703
72000.00,156686,3783.47,322.511,-203293
72900.00,151432,3781.32,322.488,-189472
73800.00,146640,3779.23,322.466,-177291
74700.00,142325,3777.23,322.444,-166674
75600.00,138340,3775.31,322.423,-157169
76500.00,134726,3773.48,322.403,-148794
77400.00,131364,3771.72,322.383,-141217
78300.00,128283,3770.03,322.364,-134451
79200.00,144146,3772.54,322.403,-170007
80100.00,162379,3781.53,322.517,-217622
81000.00,104705,3773.68,322.383,-90156.9
81900.00,98405.5,3757.29,322.144,-78402.1
82800.00,93498,3748.61,322.086,-70131.5
83700.00,89782.1,3743.39,322.032,-64321.4
84600.00,86722.6,3739.57,321.988,-59797.4
85500.00,84287.6,3736.39,321.95,-56325.4
86400.00,82220.5,3733.61,321.917,-53463.4
87300.00,80513.9,3731.12,321.887,-51153.4
88200.00,79025,3728.92,321.861,-49182.3
89100.00,77734.3,3726.94,321.837,-47505.8
90000.00,76550.5,3725.14,321.816,-45997.6
90900.00,75472.6,3723.47,321.795,-44646.6
91800.00,74467.3,3721.91,321.776,-43407
92700.00,73525.8,3720.4,321.757,-42262.1
93600.00,72595.9,3719.36,321.746,-41162.6
94500.00,74510.3,3719.55,321.752,-43347.5
95400.00,74934.7,3720.02,321.762,-43852.5
96300.00,75157.3,3720.59,321.772,-44133.1
97200.00,75369.5,3721.1,321.779,-44403.1
98100.00,75626.3,3721.57,321.784,-44725.4
99000.00,75920.8,3722.01,321.789,-45092
99900.00,76230.6,3722.45,321.794,-45477.6
100800.00,76522.6,3722.88,321.799,-45843.6
101700.00,76814.7,3723.32,321.805,-46211.7
102600.00,77147.3,3723.8,321.811,-46631.8
103500.00,77521.4,3724.29,321.817,-47104
104400.00,77884.1,3724.75,321.823,-47564.4
105300.00,78221.9,3725.21,321.828,-47996.4
106200.00,78545,3725.66,321.834,-48412.6
107100.00,78857.5,3726.12,321.84,-48817.6
108000.00,79171.3,3726.57,321.845,-49226.1
108900.00,79470.6,3727.01,321.851,-49617.5
109800.00,79731.1,3727.41,321.856,-49960.9
110700.00,79960.3,3727.77,321.86,-50264.8
111600.00,40317.3,3709.59,321.646,-12801.1
112500.00,946.635,3589.14,320.654,-62.9451
113400.00,967.051,3436.19,319.509,-62.9451
114300.00,987.005,3302.18,318.4,-62.9451
115200.00,1006.84,3183.84,317.327,-62.9451
116100.00,1027.41,3079.04,316.288,-62.9451
117000.00,1049.73,2985.93,315.283,-62.9451
117900.00,1074.18,2902.96,314.311,-62.9451
118800.00,1100.4,2828.71,313.369,-62.9451
119700.00,1127.5,2761.95,312.459,-62.9451
120600.00,1154.38,2701.66,311.577,-62.9451
121500.00,1180.07,2646.99,310.724,-62.9451
122400.00,1203.79,2597.24,309.899,-62.9451
123300.00,1225.02,2551.76,309.1,-62.9451
124200.00,1243.51,2510,308.326,-62.9451
125100.00,1259.26,2471.45,307.577,-62.9451
126000.00,1272.49,2435.64,306.853,-62.9451
126900.00,1283.54,2402.19,306.151,-62.9451
127800.00,1292.81,2370.76,305.471,-62.9451
128700.00,1300.7,2341.11,304.812,-62.9451
129600.00,1307.52,2313.02,304.174,-62.9451
130500.00,1313.53,2286.32,303.556,-62.9451
131400.00,1318.93,2260.89,302.956,-62.9451
132300.00,1323.86,2236.62,302.375,-62.9451
133200.00,1328.47,2213.42,301.811,-62.9451
134100.00,1332.85,2191.23,301.264,-62.9451
135000.00,1337.1,2169.98,300.733,-62.9451
135900.00,1341.28,2149.63,300.218,-62.9451
136800.00,1345.39,2130.13,299.718,-62.9451
137700.00,1349.48,2111.45,299.233,-62.9451
138600.00,1353.54,2093.56,298.762,-62.9451
139500.00,1357.59,2076.42,298.305,-62.9451
140400.00,1361.64,2060.01,297.862,-62.9451
141300.00,1365.67,2044.3,297.433,-62.9451
142200.00,1369.67,2029.26,297.017,-62.9451
143100.00,1373.64,2014.86,296.614,-62.9451
144000.00,1377.55,2001.09,296.224,-62.9451
144900.00,1381.4,1987.91,295.846,-62.9451
145800.00,1385.17,1975.3,295.481,-62.9451
146700.00,1388.84,1963.23,295.129,-62.9451
147600.00,194630,3154.72,302.089,-206298
148500.00,232459,3751.24,322.716,-419305
149400.00,203393,3798.37,322.658,-347937
150300.00,201601,3797.96,322.652,-341788
151200.00,200445,3797.58,322.649,-337723
152100.00,199743,3797.33,322.647,-335268
153000.00,199272,3797.15,322.646,-333618
153900.00,198989,3797.05,322.645,-332634
154800.00,198813,3796.97,322.644,-332014
155700.00,198713,3796.91,322.644,-331657
156600.00,198640,3796.85,322.643,-331392
157500.00,194912,3796.17,322.636,-318845
158400.00,186984,3794.12,322.616,-292808
159300.00,181357,3792.21,322.598,-274878
160200.00,176291,3790.5,322.582,-259254
161100.00,171797,3788.87,322.566,-245770
162000.00,167668,3787.36,322.552,-233722
162900.00,163929,3785.93,322.538,-223078
163800.00,160453,3784.56,322.524,-213408
164700.00,157256,3783.29,322.511,-204718
165600.00,158185,3782.98,322.509,-207049
166500.00,162107,3783.92,322.522,-217622
167400.00,137237,3779.84,322.466,-155497
168300.00,123786,3771.13,322.353,-125465
169200.00,117602,3765.43,322.299,-112567
170100.00,112867,3761.71,322.262,-103297
171000.00,108816,3758.72,322.226,-95743.3
171900.00,105422,3756.01,322.195,-89637.5
172800.00,102479,3753.6,322.166,-84513.7
173700.00,100009,3751.37,322.14,-80325.3
174600.00,97772.9,3749.55,322.119,-76644.6
175500.00,97700,3748.34,322.106,-76434.3
176400.00,98821.6,3748.43,322.111,-78185.1
177300.00,98567.5,3748.35,322.112,-77775.2
178200.00,98352.8,3748.21,322.11,-77427.3
179100.00,98162.9,3748.06,322.108,-77118.5
180000.00,97958.9,3747.87,322.106,-76785.4
180900.00,97728.9,3747.68,322.103,-76412.4
181800.00,97489.4,3747.49,322.101,-76025.6
182700.00,97222.3,3747.25,322.098,-75593.8
183600.00,96926.1,3747,322.095,-75117.9
184500.00,96644.3,3746.76,322.092,-74665.9
185400.00,96412.2,3746.57,322.09,-74294.9
186300.00,96236.8,3746.38,322.087,-74012.3
187200.00,96085.3,3746.2,322.085,-73766.8
188100.00,95885.5,3745.99,322.083,-73446.8
189000.00,95642.5,3745.77,322.08,-73061.1
189900.00,95384.6,3745.56,322.077,-72653.9
190800.00,95157.8,3745.43,322.076,-72301
191700.00,95034.5,3745.34,322.075,-72107.8
192600.00,94990.7,3745.25,322.074,-72035
193500.00,94988.2,3745.16,322.073,-72024.7
194400.00,94965.6,3745.07,322.072,-71984
195300.00,94881,3744.98,322.071,-71849.7
196200.00,94760.9,3744.87,322.069,-71661.4
197100.00,94612.7,3744.75,322.068,-71430.2
198000.00,47479,3726.96,321.848,-17947.7
198900.00,939.683,3608.63,320.852,-62.9451
199800.00,960.294,3454.67,319.699,-62.9451
200700.00,980.46,3319.32,318.582,-62.9451
201600.00,1000.51,3199.81,317.501,-62.9451
202500.00,1021.26,3094.03,316.455,-62.9451
203400.00,1043.68,3000.05,315.443,-62.9451
204300.00,1068.28,2916.27,314.464,-62.9451
205200.00,1094.74,2841.28,313.516,-62.9451
206100.00,1122.06,2773.85,312.599,-62.9451
207000.00,1149.17,2712.97,311.712,-62.9451
207900.00,1175.1,2657.77,310.853,-62.9451
208800.00,1199.09,2607.54,310.022,-62.9451
209700.00,1220.6,2561.63,309.218,-62.9451
210600.00,1239.39,2519.48,308.439,-62.9451
211500.00,1255.41,2480.56,307.686,-62.9451
212400.00,1268.86,2444.42,306.957,-62.9451
213300.00,1280.09,2410.67,306.25,-62.9451
214200.00,1289.48,2378.96,305.566,-62.9451
215100.00,1297.46,2349.02,304.904,-62.9451
216000.00,1304.37,2320.67,304.262,-62.9451
216900.00,1310.47,2293.72,303.64,-62.9451
217800.00,1315.96,2268.05,303.036,-62.9451
218700.00,1321,2243.54,302.452,-62.9451
219600.00,1325.72,2220.12,301.884,-62.9451
220500.00,1330.21,2197.71,301.334,-62.9451
221400.00,1334.52,2176.26,300.8,-62.9451
222300.00,1338.75,2155.71,300.282,-62.9451
223200.00,1342.93,2136.03,299.779,-62.9451
224100.00,1347.08,2117.17,299.292,-62.9451
225000.00,1351.23,2099.11,298.818,-62.9451
225900.00,1355.36,2081.82,298.359,-62.9451
226800.00,1359.48,2065.26,297.914,-62.9451
227700.00,1363.57,2049.4,297.482,-62.9451
228600.00,1367.62,2034.22,297.064,-62.9451
229500.00,1371.62,2019.7,296.659,-62.9451
230400.00,1375.57,2005.8,296.266,-62.9451
231300.00,1379.46,1992.49,295.887,-62.9451
232200.00,1383.27,1979.76,295.52,-62.9451
233100.00,1387,1967.57,295.166,-62.9451
234000.00,194302,3158.37,302.103,-206298
234900.00,264975,3794.75,322.796,-579863
235800.00,208987,3801.11,322.672,-368745
236700.00,206781,3799.49,322.665,-360196
237600.00,205134,3798.96,322.661,-354262
238500.00,204027,3798.63,322.658,-350314
239400.00,203198,3798.36,322.656,-347366
240300.00,202607,3798.15,322.654,-345267
241200.00,202153,3798.03,322.653,-343673
242100.00,201840,3797.92,322.652,-342565
243000.00,201606,3797.81,322.651,-341731
243900.00,201441,3797.75,322.651,-341146
244800.00,201358,3797.31,322.647,-340709
245700.00,191041,3795.42,322.628,-306090
246600.00,185414,3793.53,322.611,-287726
247500.00,180508,3791.84,322.595,-272195
248400.00,175994,3790.28,322.58,-258310
249300.00,171756,3788.79,322.566,-245630
250200.00,167667,3787.31,322.551,-233704
251100.00,163811,3786.02,322.539,-222774
252000.00,161121,3784.82,322.527,-215245
252900.00,162035,3784.61,322.526,-217622
253800.00,162049,3784.45,322.525,-217622
254700.00,125856,3774.38,322.386,-130157
255600.00,119675,3767.09,322.314,-116778
256500.00,114890,3763.07,322.278,-107170
257400.00,110836,3760.04,322.243,-99448
258300.00,107493,3757.41,322.212,-93308.9
259200.00,104621,3755.08,322.185,-88196.5
260100.00,104168,3753.63,322.17,-87301.7
261000.00,105357,3753.53,322.174,-89271.5
261900.00,105161,3753.61,322.178,-88942.9
262800.00,104975,3753.64,322.177,-88633.9
263700.00,104856,3753.61,322.176,-88431
264600.00,104805,3753.58,322.176,-88343.3
265500.00,104784,3753.55,322.175,-88306.3
266400.00,104729,3753.48,322.174,-88207.4
267300.00,104617,3753.41,322.173,-88014.6
268200.00,104508,3753.34,322.172,-87825.7
269100.00,104410,3753.27,322.172,-87655.7
270000.00,104320,3753.25,322.171,-87503
270900.00,104293,3753.25,322.171,-87456.8
271800.00,104334,3753.24,322.171,-87524.2
272700.00,104397,3753.23,322.171,-87630
273600.00,104429,3753.23,322.171,-87683.1
274500.00,104412,3753.22,322.171,-87653.2
275400.00,104401,3753.21,322.171,-87635.1
276300.00,104387,3753.2,322.171,-87610.2
277200.00,104348,3753.17,322.171,-87543.3
278100.00,104272,3753.13,322.17,-87411
279000.00,104166,3753.06,322.169,-87228.3
279900.00,104031,3752.95,322.168,-86995.5
280800.00,103879,3752.85,322.166,-86732.5
281700.00,103725,3752.75,322.165,-86469.1
282600.00,103593,3752.65,322.164,-86240.7
283500.00,103589,3752.6,322.163,-86229.3
284400.00,52105.1,3735.38,321.946,-21737.2
285300.00,936.322,3618.13,320.951,-62.9451
286200.00,957.016,3463.31,319.793,-62.9451
287100.00,977.231,3327.44,318.672,-62.9451
288000.00,997.304,3207.46,317.588,-62.9451
288900.00,1018.1,3101.22,316.538,-62.9451
289800.00,1040.63,3006.85,315.523,-62.9451
290700.00,1065.38,2922.72,314.54,-62.9451
291600.00,1091.95,2847.41,313.589,-62.9451
292500.00,1119.4,2779.7,312.669,-62.9451
293400.00,1146.67,2718.58,311.779,-62.9451
294300.00,1172.78,2663.16,310.917,-62.9451
295200.00,1196.93,2612.71,310.084,-62.9451
296100.00,1218.58,2566.6,309.277,-62.9451
297000.00,1237.43,2524.26,308.496,-62.9451
297900.00,1253.49,2485.16,307.74,-62.9451
298800.00,1266.98,2448.86,307.008,-62.9451
299700.00,1278.28,2414.95,306.3,-62.9451
300600.00,1287.78,2383.09,305.614,-62.9451
301500.00,1295.85,2353.04,304.949,-62.9451
302400.00,1302.84,2324.56,304.305,-62.9451
303300.00,1308.99,2297.51,303.682,-62.9451
304200.00,1314.5,2271.73,303.077,-62.9451
305100.00,1319.55,2247.12,302.49,-62.9451
306000.00,1324.27,2223.6,301.921,-62.9451
306900.00,1328.78,2201.09,301.369,-62.9451
307800.00,1333.14,2179.55,300.834,-62.9451
308700.00,1337.42,2158.91,300.315,-62.9451
309600.00,1341.65,2139.15,299.81,-62.9451
310500.00,1345.84,2120.21,299.321,-62.9451
311400.00,1350,2102.07,298.847,-62.9451
312300.00,1354.14,2084.7,298.386,-62.9451
313200.00,1358.26,2068.06,297.94,-62.9451
314100.00,1362.37,2052.13,297.507,-62.9451
315000.00,1366.46,2036.88,297.088,-62.9451
315900.00,1370.51,2022.28,296.681,-62.9451
316800.00,1374.5,2008.31,296.288,-62.9451
317700.00,1378.43,1994.94,295.908,-62.9451
318600.00,1382.27,1982.14,295.54,-62.9451
319500.00,1386.02,1969.89,295.185,-62.9451
320400.00,194152,3160.35,302.107,-206298
321300.00,270547,3795.72,322.799,-605310
322200.00,219392,3803.82,322.695,-407606
323100.00,216681,3802.35,322.688,-396807
324000.00,214769,3801.76,322.684,-389565
324900.00,213575,3801.37,322.681,-385066
325800.00,212755,3801.1,322.679,-381996
326700.00,212247,3800.92,322.677,-380091
327600.00,211896,3800.79,322.676,-378773
328500.00,211655,3800.69,322.676,-377872
329400.00,211462,3800.64,322.675,-377158
330300.00,211324,3800.59,322.675,-376647
331200.00,211241,3800.57,322.675,-376342
332100.00,211231,3800.49,322.674,-376275
333000.00,211252,3800.39,322.673,-376304
333900.00,205893,3799.58,322.665,-357149
334800.00,198778,3797.81,322.649,-332271
335700.00,194220,3796.15,322.634,-316617
336600.00,190058,3794.8,322.623,-302730
337500.00,186371,3793.13,322.607,-290568
338400.00,172306,3790.17,322.577,-247625
339300.00,161882,3786.04,322.534,-217622
340200.00,162040,3784.44,322.522,-217622
341100.00,140454,3779.02,322.455,-162714
342000.00,132811,3774,322.4,-144737
342900.00,127793,3770.51,322.365,-133521
343800.00,131899,3769.64,322.362,-142042
344700.00,131343,3770.38,322.376,-140934
345600.00,130785,3770.47,322.374,-139766
346500.00,130311,3770.28,322.371,-138734
347400.00,129891,3770.06,322.368,-137814
348300.00,129515,3769.85,322.366,-136989
349200.00,129154,3769.66,322.364,-136201
350100.00,128839,3769.47,322.362,-135511
351000.00,128580,3769.31,322.36,-134947
351900.00,128352,3769.15,322.358,-134449
352800.00,128102,3769,322.356,-133904
353700.00,127787,3768.84,322.355,-133226
354600.00,127462,3768.72,322.353,-132535
355500.00,127161,3768.65,322.353,-131901
356400.00,126929,3768.58,322.352,-131411
357300.00,126897,3768.51,322.351,-131336
358200.00,127052,3768.44,322.35,-131646
359100.00,127281,3768.44,322.35,-132121
360000.00,127448,3768.46,322.351,-132469
360900.00,127480,3768.48,322.351,-132537
361800.00,127436,3768.5,322.351,-132449
362700.00,127324,3768.52,322.352,-132219
363600.00,127271,3768.53,322.352,-132111
364500.00,127374,3768.54,322.352,-132326
365400.00,127539,3768.62,322.353,-132678
366300.00,127741,3768.71,322.354,-133109
367200.00,127939,3768.79,322.355,-133532
368100.00,128092,3768.88,322.356,-133863
369000.00,128203,3768.95,322.357,-134105
369900.00,128300,3769.01,322.357,-134316
370800.00,64567.8,3752.62,322.142,-33799.9
371700.00,929.27,3637.09,321.147,-62.9451
372600.00,950.143,3480.85,319.981,-62.9451
373500.00,970.525,3343.77,318.852,-62.9451
374400.00,990.763,3222.73,317.761,-62.9451
375300.00,1011.72,3115.57,316.704,-62.9451
376200.00,1034.45,3020.36,315.682,-62.9451
377100.00,1059.43,2935.49,314.693,-62.9451
378000.00,1086.26,2859.52,313.736,-62.9451
378900.00,1114,2791.22,312.81,-62.9451
379800.00,1141.58,2729.56,311.914,-62.9451
380700.00,1167.99,2673.65,311.047,-62.9451
381600.00,1192.43,2622.75,310.208,-62.9451
382500.00,1214.32,2576.23,309.396,-62.9451
383400.00,1233.39,2533.52,308.61,-62.9451
384300.00,1249.67,2494.08,307.85,-62.9451
385200.00,1263.38,2457.45,307.114,-62.9451
386100.00,1274.85,2423.24,306.401,-62.9451
387000.00,1284.5,2391.1,305.711,-62.9451
387900.00,1292.69,2360.78,305.042,-62.9451
388800.00,1299.76,2332.05,304.395,-62.9451
389700.00,1305.99,2304.76,303.767,-62.9451
390600.00,1311.6,2278.75,303.159,-62.9451
391500.00,1316.75,2253.93,302.569,-62.9451
392400.00,1321.56,2230.2,301.997,-62.9451
393300.00,1326.14,2207.51,301.442,-62.9451
394200.00,1330.56,2185.77,300.904,-62.9451
395100.00,1334.9,2164.96,300.381,-62.9451
396000.00,1339.17,2145.02,299.874,-62.9451
396900.00,1343.42,2125.91,299.383,-62.9451
397800.00,1347.64,2107.61,298.905,-62.9451
398700.00,1351.84,2090.07,298.442,-62.9451
399600.00,1356.04,2073.28,297.994,-62.9451
400500.00,1360.21,2057.2,297.559,-62.9451
401400.00,1364.36,2041.81,297.137,-62.9451
402300.00,1368.46,2027.07,296.729,-62.9451
403200.00,1372.51,2012.97,296.333,-62.9451
404100.00,1376.49,1999.47,295.951,-62.9451
405000.00,1380.39,1986.55,295.581,-62.9451
405900.00,1384.21,1974.19,295.224,-62.9451
406800.00,193820,3163.8,302.114,-206298
407700.00,221826,3730.27,322.677,-371554
408600.00,202948,3797.52,322.656,-345940
409500.00,201497,3797.86,322.652,-341383
410400.00,200682,3797.61,322.649,-338535
411300.00,200257,3797.43,322.648,-337032
412200.00,200005,3797.34,322.647,-336148
413100.00,199909,3797.32,322.647,-335815
414000.00,199929,3797.31,322.647,-335880
414900.00,200100,3797.32,322.647,-336455
415800.00,200372,3797.22,322.646,-337335
416700.00,192450,3795.66,322.631,-310689
417600.00,186994,3793.96,322.615,-292782
418500.00,182354,3792.41,322.601,-277957
419400.00,178150,3790.98,322.587,-264878
420300.00,174404,3789.65,322.575,-253491
421200.00,170958,3788.39,322.563,-243239
422100.00,167820,3787.21,322.551,-234099
423000.00,164893,3786.1,322.54,-225738
423900.00,162192,3785.31,322.532,-218217
424800.00,160840,3784.81,322.528,-214474
425700.00,162041,3784.56,322.526,-217622
426600.00,162129,3783.32,322.511,-217622
427500.00,128794,3775.74,322.412,-136440
428400.00,122755,3769.24,322.339,-123115
429300.00,118344,3765.27,322.302,-113951
430200.00,114771,3762.4,322.272,-106862
431100.00,111910,3760.14,322.247,-101374
432000.00,109430,3758.34,322.227,-96765.3
432900.00,110314,3757.33,322.217,-98224.4
433800.00,112802,3758.23,322.233,-102755
434700.00,112990,3759,322.245,-103173
435600.00,113177,3759.42,322.248,-103563
436500.00,113371,3759.68,322.25,-103949
437400.00,113575,3759.87,322.251,-104345
438300.00,113790,3760.03,322.253,-104756
439200.00,114011,3760.18,322.255,-105178
440100.00,114180,3760.28,322.256,-105500
441000.00,114267,3760.35,322.257,-105669
441900.00,114306,3760.42,322.258,-105749
442800.00,114369,3760.5,322.258,-105872
443700.00,114503,3760.59,322.259,-106131
444600.00,114686,3760.73,322.261,-106484
445500.00,114934,3760.86,322.263,-106958
446400.00,115178,3761,322.264,-107426
447300.00,115392,3761.13,322.266,-107838
448200.00,115604,3761.27,322.268,-108248
449100.00,115817,3761.41,322.269,-108663
450000.00,116034,3761.55,322.271,-109085
450900.00,116248,3761.69,322.273,-109501
451800.00,116447,3761.82,322.274,-109891
452700.00,116624,3761.95,322.276,-110236
453600.00,116786,3762.06,322.277,-110556
454500.00,116934,3762.16,322.278,-110846
455400.00,117042,3762.25,322.279,-111062
456300.00,117181,3762.34,322.28,-111334
457200.00,59042.4,3744.54,322.041,-28085.6
458100.00,932.409,3627.51,321.049,-62.9451
459000.00,953.186,3471.95,319.887,-62.9451
459900.00,973.474,3335.5,318.762,-62.9451
460800.00,993.624,3215.03,317.674,-62.9451
461700.00,1014.53,3108.36,316.621,-62.9451
462600.00,1037.24,3013.61,315.602,-62.9451
463500.00,1062.18,2929.14,314.617,-62.9451
464400.00,1088.94,2853.53,313.663,-62.9451
465300.00,1116.59,2785.56,312.74,-62.9451
466200.00,1144.06,2724.18,311.846,-62.9451
467100.00,1170.35,2668.52,310.982,-62.9451
468000.00,1194.64,2617.86,310.146,-62.9451
468900.00,1216.39,2571.55,309.337,-62.9451
469800.00,1235.34,2529.03,308.553,-62.9451
470700.00,1251.51,2489.77,307.795,-62.9451
471600.00,1265.11,2453.31,307.061,-62.9451
472500.00,1276.5,2419.25,306.351,-62.9451
473400.00,1286.08,2387.25,305.663,-62.9451
474300.00,1294.2,2357.06,304.996,-62.9451
475200.00,1301.22,2328.46,304.35,-62.9451
476100.00,1307.4,2301.28,303.725,-62.9451
477000.00,1312.96,2275.39,303.118,-62.9451
477900.00,1318.06,2250.67,302.53,-62.9451
478800.00,1322.83,2227.04,301.959,-62.9451
479700.00,1327.37,2204.44,301.406,-62.9451
480600.00,1331.77,2182.8,300.869,-62.9451
481500.00,1336.07,2162.07,300.348,-62.9451
482400.00,1340.32,2142.21,299.843,-62.9451
483300.00,1344.54,2123.18,299.352,-62.9451
484200.00,1348.74,2104.95,298.876,-62.9451
485100.00,1352.93,2087.49,298.415,-62.9451
486000.00,1357.12,2070.76,297.967,-62.9451
486900.00,1361.28,2054.74,297.533,-62.9451
487800.00,1365.4,2039.42,297.112,-62.9451
488700.00,1369.47,2024.75,296.705,-62.9451
489600.00,7907.27,2115.38,296.288,-411.373
490500.00,11329.4,2447.46,295.809,-699.174
491400.00,13387.6,2650.07,295.464,-1018.9
492300.00,15979.6,2782.85,295.693,-1359.64
493200.00,202512,3232.15,316.932,-224385
494100.00,279500,3808.55,322.807,-660033
495000.00,240026,3809.26,322.737,-490979
495900.00,235640,3807.5,322.726,-472118
496800.00,232480,3806.61,322.72,-459042
497700.00,230272,3805.98,322.716,-450033
498600.00,228539,3805.5,322.712,-443034
499500.00,227222,3805.11,322.71,-437736
500400.00,226152,3804.79,322.707,-433459
501300.00,225340,3804.56,322.706,-430232
502200.00,224691,3804.35,322.704,-427652
503100.00,224171,3804.18,322.703,-425587
504000.00,223693,3804.05,322.702,-423710
504900.00,223222,3803.92,322.701,-421863
505800.00,222752,3803.79,322.7,-420026
506700.00,222307,3803.68,322.699,-418298
507600.00,221914,3803.57,322.698,-416767
508500.00,221588,3803.48,322.698,-415500
509400.00,221302,3803.25,322.696,-414324
510300.00,212922,3801.64,322.682,-382875
511200.00,184532,3796.19,322.628,-285995
512100.00,161760,3787.01,322.534,-217622
513000.00,162028,3784.63,322.526,-217622
513900.00,155868,3783.88,322.517,-201252
514800.00,142610,3779.47,322.46,-167789
515700.00,151814,3779.5,322.476,-189995
516600.00,149187,3779.53,322.474,-183512
517500.00,147032,3778.76,322.464,-178124
518400.00,145150,3777.93,322.455,-173451
519300.00,143522,3777.16,322.446,-169451
520200.00,142031,3776.47,322.439,-165834
521100.00,140666,3775.81,322.432,-162552
522000.00,139365,3775.15,322.424,-159455
522900.00,138166,3774.58,322.418,-156633
523800.00,137092,3774.04,322.412,-154123
524700.00,136127,3773.49,322.406,-151880
525600.00,135237,3773.05,322.401,-149834
526500.00,134442,3772.62,322.397,-148015
527400.00,133711,3772.19,322.392,-146348
528300.00,133025,3771.8,322.388,-144792
529200.00,132339,3771.42,322.383,-143250
530100.00,131621,3771.05,322.379,-141648
531000.00,130956,3770.71,322.376,-140173
531900.00,130384,3770.38,322.372,-138907
532800.00,129852,3770.07,322.368,-137733
533700.00,129348,3769.78,322.365,-136629
534600.00,128874,3769.51,322.362,-135592
535500.00,128436,3769.26,322.359,-134640
536400.00,128029,3769.03,322.357,-133758
537300.00,127657,3768.82,322.354,-132953
538200.00,127309,3768.61,322.352,-132204
539100.00,126988,3768.43,322.35,-131515
540000.00,126687,3768.26,322.348,-130870
540900.00,126453,3768.1,322.346,-130367
541800.00,126308,3767.99,322.345,-130054
542700.00,126230,3767.92,322.344,-129883
543600.00,63417.6,3751.38,322.127,-32575.7
544500.00,929.853,3635.76,321.133,-62.9451
545400.00,950.724,3479.66,319.968,-62.9451
546300.00,971.116,3342.62,318.84,-62.9451
547200.00,991.371,3221.61,317.749,-62.9451
548100.00,1012.32,3114.47,316.693,-62.9451
549000.00,1035.02,3019.28,315.671,-62.9451
549900.00,1059.95,2934.43,314.683,-62.9451
550800.00,1086.72,2858.48,313.726,-62.9451
551700.00,1114.4,2790.21,312.8,-62.9451
552600.00,1141.94,2728.56,311.905,-62.9451
553500.00,1168.33,2672.67,311.038,-62.9451
554400.00,1192.75,2621.79,310.199,-62.9451
555300.00,1214.63,2575.28,309.388,-62.9451
556200.00,1233.7,2532.57,308.602,-62.9451
557100.00,1249.98,2493.15,307.842,-62.9451
558000.00,1263.67,2456.54,307.106,-62.9451
558900.00,1275.15,2422.34,306.394,-62.9451
559800.00,1284.8,2390.22,305.704,-62.9451
560700.00,1293.01,2359.92,305.036,-62.9451
561600.00,1300.11,2331.21,304.388,-62.9451
562500.00,1306.34,2303.93,303.761,-62.9451
563400.00,1311.93,2277.94,303.153,-62.9451
564300.00,1317.07,2253.13,302.563,-62.9451
565200.00,1321.87,2229.42,301.991,-62.9451
566100.00,1326.44,2206.74,301.436,-62.9451
567000.00,1330.87,2185.02,300.898,-62.9451
567900.00,1335.2,2164.22,300.376,-62.9451
568800.00,1339.48,2144.29,299.869,-62.9451
569700.00,1343.73,2125.2,299.378,-62.9451
570600.00,1347.95,2106.91,298.901,-62.9451
571500.00,1352.14,2089.4,298.438,-62.9451
572400.00,1356.33,2072.62,297.989,-62.9451
573300.00,1360.49,2056.55,297.554,-62.9451
574200.00,1364.63,2041.16,297.133,-62.9451
575100.00,2887.58,2034.36,296.723,-134.705
576000.00,8486.21,2273.62,296.262,-455
576900.00,11013.7,2527.33,295.798,-706.941
577800.00,13163.3,2677.69,295.535,-990.547
578700.00,15570.1,2797.88,295.92,-1297.65
579600.00,202928,3230.13,317.295,-223809
580500.00,279027,3808.62,322.807,-657966
581400.00,239237,3809.03,322.735,-487633
582300.00,234760,3807.27,322.725,-468470
583200.00,231538,3806.39,322.719,-455218
584100.00,229369,3805.75,322.714,-446389
585000.00,227747,3805.26,322.711,-439843
585900.00,226570,3804.91,322.708,-435124
586800.00,225613,3804.61,322.706,-431303
587700.00,224798,3804.38,322.704,-428074
588600.00,224043,3804.16,322.703,-425095
589500.00,223362,3803.98,322.701,-422426
590400.00,222768,3803.82,322.7,-420101
591300.00,222289,3803.68,322.699,-418229
592200.00,221871,3803.55,322.698,-416595
593100.00,221504,3803.44,322.697,-415164
594000.00,221162,3803.34,322.697,-413836
594900.00,220841,3803.26,322.696,-412595
595800.00,220538,3803.18,322.695,-411428
596700.00,220320,3802.61,322.69,-410374
597600.00,187382,3797.59,322.641,-295337
598500.00,161661,3787.94,322.542,-217622
599400.00,162025,3784.62,322.524,-217622
600300.00,154887,3783.66,322.516,-198692
601200.00,157955,3781.49,322.488,-206125
602100.00,154977,3781.91,322.501,-198508
603000.00,152352,3781.11,322.489,-191705
603900.00,150234,3780.2,322.479,-186241
604800.00,148418,3779.36,322.47,-181611
